{"cameraMode":{"drawMode":0,"name":"Shaded","section":"Shading Mode"},"sceneLighting":false,"audioPlay":false,"sceneViewState":{"showFog":true,"showMaterialUpdate":false,"showSkybox":true,"showFlares":true,"showImageEffects":true,"showParticleSystems":true},"in2DMode":false,"pivot":{"x":4.791000843048096,"y":2.0130462646484377,"z":-4.01214599609375},"rotation":{"x":0.3271658420562744,"y":-0.009103783406317234,"z":0.0031466938089579345,"w":0.9449499845504761},"size":21.586137771606447,"orthographic":false}