{"cameraMode":{"drawMode":0,"name":"Shaded","section":"Shading Mode"},"sceneLighting":false,"audioPlay":false,"sceneViewState":{"showFog":true,"showMaterialUpdate":false,"showSkybox":false,"showFlares":true,"showImageEffects":true,"showParticleSystems":true},"in2DMode":false,"pivot":{"x":-1.5793962478637696,"y":1.864209532737732,"z":1.9259734153747559},"rotation":{"x":-0.1054079532623291,"y":0.7211204171180725,"z":-0.11253643780946732,"w":-0.6754383444786072},"size":10.0,"orthographic":false}