{"cameraMode":{"drawMode":0,"name":"Shaded","section":"Shading Mode"},"sceneLighting":false,"audioPlay":false,"sceneViewState":{"m_AlwaysRefresh":false,"showFog":true,"showSkybox":false,"showFlares":true,"showImageEffects":true,"showParticleSystems":true,"showVisualEffectGraphs":true,"m_FxEnabled":true},"in2DMode":false,"pivot":{"x":-0.0010961592197418213,"y":1.1115961074829102,"z":-0.026947766542434694},"rotation":{"x":-0.21258671581745149,"y":-0.07412170618772507,"z":0.0161781907081604,"w":-0.9743834733963013},"size":1.7107501029968262,"orthographic":false}